{
  "POLOS": {
    "precision": 0.75,
    "recall": 1.0,
    "f1-score": 0.8571428571428571,
    "support": 3.0
  },
  "bathala": {
    "precision": 0.875,
    "recall": 0.875,
    "f1-score": 0.875,
    "support": 8.0
  },
  "casava": {
    "precision": 1.0,
    "recall": 0.7142857142857143,
    "f1-score": 0.8333333333333334,
    "support": 7.0
  },
  "karawila": {
    "precision": 1.0,
    "recall": 0.9,
    "f1-score": 0.9473684210526315,
    "support": 10.0
  },
  "kolakanda": {
    "precision": 1.0,
    "recall": 1.0,
    "f1-score": 1.0,
    "support": 4.0
  },
  "kos": {
    "precision": 1.0,
    "recall": 1.0,
    "f1-score": 1.0,
    "support": 8.0
  },
  "kurakkkan": {
    "precision": 1.0,
    "recall": 1.0,
    "f1-score": 1.0,
    "support": 1.0
  },
  "munpiyali": {
    "precision": 0.875,
    "recall": 1.0,
    "f1-score": 0.9333333333333333,
    "support": 7.0
  },
  "red_rice": {
    "precision": 0.875,
    "recall": 1.0,
    "f1-score": 0.9333333333333333,
    "support": 7.0
  },
  "redkawwpi": {
    "precision": 0.8571428571428571,
    "recall": 1.0,
    "f1-score": 0.9230769230769231,
    "support": 6.0
  },
  "thebu": {
    "precision": 1.0,
    "recall": 1.0,
    "f1-score": 1.0,
    "support": 3.0
  },
  "white rice": {
    "precision": 1.0,
    "recall": 0.8888888888888888,
    "f1-score": 0.9411764705882353,
    "support": 9.0
  },
  "accuracy": 0.9315068493150684,
  "macro avg": {
    "precision": 0.9360119047619048,
    "recall": 0.9481812169312169,
    "f1-score": 0.9369803893217207,
    "support": 73.0
  },
  "weighted avg": {
    "precision": 0.9403131115459882,
    "recall": 0.9315068493150684,
    "f1-score": 0.9308789391193224,
    "support": 73.0
  }
}