{
  "accuracy": [
    0.43417367339134216,
    0.8767507076263428,
    0.924369752407074,
    0.9439775943756104,
    0.9747899174690247,
    0.9775910377502441,
    0.9859943985939026,
    0.9803921580314636,
    0.9803921580314636,
    0.9831932783126831,
    0.913165271282196,
    0.9607843160629272,
    0.9719887971878052,
    0.9775910377502441,
    0.9971988797187805,
    0.9803921580314636
  ],
  "val_accuracy": [
    0.8305084705352783,
    0.9661017060279846,
    0.9661017060279846,
    0.9830508232116699,
    1.0,
    1.0,
    1.0,
    1.0,
    1.0,
    0.9830508232116699,
    0.9830508232116699,
    0.9830508232116699,
    0.9830508232116699,
    0.9830508232116699,
    0.9830508232116699,
    0.9830508232116699
  ],
  "loss": [
    1.8267838954925537,
    0.46463099122047424,
    0.2564457058906555,
    0.17894311249256134,
    0.12502741813659668,
    0.09363029152154922,
    0.05879979580640793,
    0.06988054513931274,
    0.09123308956623077,
    0.05724218860268593,
    0.29965537786483765,
    0.1631719172000885,
    0.0961877703666687,
    0.09664613753557205,
    0.04243055358529091,
    0.07762989401817322
  ],
  "val_loss": [
    0.47486093640327454,
    0.1736609786748886,
    0.11217300593852997,
    0.09554237127304077,
    0.058443352580070496,
    0.07373081892728806,
    0.059228427708148956,
    0.031646501272916794,
    0.048749811947345734,
    0.03586724400520325,
    0.050608351826667786,
    0.05828191712498665,
    0.06571924686431885,
    0.07250907272100449,
    0.07069996744394302,
    0.06896360963582993
  ]
}